insert into category values('C100001','vegetables');
insert into category values('C100002','meat');
insert into category values('C100003','snacks');
insert into category values('C100004','bakery');
insert into category values('C100005','fruits');

insert into Product values('P100001','C100001','mango','100','1','5%','','fresh fruits');
insert into Product values('P100002','C100002','orange','200','1','5%','','fresh fruits');
insert into Product values('P100003','C100003','apple','200','1','5%','','fresh fruits');
insert into Product values('P100004','C100004','fish','100','1','5%','','fresh fruits');
insert into Product values('P100005','C100005','chicken','2000','1','10%','','fresh meats');


insert into Gategory_Employee values('C100001','E001');
insert into Gategory_Employee values('C100002','E002');
insert into Gategory_Employee values('C100003','E003');
insert into Gategory_Employee values('C100004','E004');
insert into Gategory_Employee values('C100005','E005');


insert into Product_Employee values('P100001','E001');
insert into Product_Employee values('P100002','E002');
insert into Product_Employee values('P100003','E003');
insert into Product_Employee values('P100004','E004');
insert into Product_Employee values('P100005','E005');

insert into Employee values('E001','thanu1022@gmail.com','200129602687','2001.10.22','thanushan','thanu2001');
insert into Employee values('E002','ishas10001@gmail.com','20034552687','2001.10.22','ishas','ishas0320');
insert into Employee values('E003','saabir2010@gmail.com','200229602687','2001.10.22','saabir','saabir12');
insert into Employee values('E004','Aadher000@gmail.com','200329602687','2001.10.22','Aadhir','Aadhir000');
insert into Employee values('E005','sanujan2@gmail.com','200329602687','2001.10.22','shanujan','shanujan2002');

insert into Employee_phone values('E001','0743187254');
insert into Employee_phone values('E002','0703187254');
insert into Employee_phone values('E003','0753187254');
insert into Employee_phone values('E004','0723187254');
insert into Employee_phone values('E005','0763187254');




